comune_ubicazione;denom_struttura;desc;desc_long;indirizzo;logo;num_telefono;mail;sito_web;pagina_arcigay;facebook;twitter;instagram;youtube;other_links
Ancona;Arcigay Comunitas Ancona, Comitato Territoriale Arcigay;L‚ÄôAssociazione ha lo scopo di promuovere, tutelare e valorizzare i diritti umani e civili di tutta la comunit√† LGBTI*.;;Via Armando Seppilli, 4, 60128 Ancona AN, Italia;https://www.arcigay.it/wp-content/uploads/2019/11/logo-nuovo-arcigay-ancona.jpg;3711434283;;https://arcigayancona.it/;https://www.arcigay.it/ancona/#.X_CAIS1aZsM;https://www.facebook.com/comunitasaps;https://www.twitter.com/ArcigayAncona;;;
Aosta;Arcigay Valle d'Aosta Queer VdA, Comitato Territoriale Arcigay;Arcigay VdA Queer VdA √® un'associazione che nasce in Valle D'Aosta per lottare contro le discriminazioni, in particolare quelle verso la comunit√† LGBTQ+.;;;https://www.arcigay.it/wp-content/uploads/2016/07/Logo-Arcigay-Queer-VdA.jpeg;375 503 4728;aosta@arcigay.it;;https://www.arcigay.it/aosta/;https://www.facebook.com/arcigayqueervda/;;;;https://docs.google.com/forms/d/e/1FAIpQLScfM2E08L0YAvQ5wYGdOrz_rVWB1nfd43GvqyawQxOrH4MxaQ/viewform
Arezzo;"Arcigay Arezzo ""Chimera Arcobaleno, Comitato territoriale Arcigay";‚ÄúChimera Arcobaleno‚Äù √® un‚Äôassociazione di promozione sociale nata nel dicembre 2009 per affermare la piena realizzazione e visibilit√† delle persone gay, lesbiche, bisessuali e transgender della provincia di Arezzo, con l‚Äôobiettivo di contrastare omo-bi-transfobia, pregiudizi, discriminazioni e violenza in ogni loro forma. Nell‚Äôottobre 2010 diventa ufficialmente Comitato territoriale Arcigay, entrando nel network della maggiore associazione LGBTI italiana. Da quel momento il numero di volontari e volontarie √® in costante crescita, cos√¨ come le iniziative e i progetti realizzati, Chimera Arcobaleno collabora in maniera stabile con le istituzioni locali e varie associazioni del territorio, promuovendo iniziative al fine di costruire una societ√† solidale, laica e democratica in cui i diritti umani e civili siano riconosciuti, promossi e garantiti senza discriminazioni fondate sull‚Äôorientamento sessuale, l‚Äôidentit√† di genere e ogni altra condizione personale e sociale.;;Via G. Garibaldi, 135, Arezzo, AR, Italia;https://www.arcigay.it/wp-content/uploads/arcigayarezzo.png;3426456231;arezzo@arcigay.it;https://www.chimerarcobaleno.org/;https://www.arcigay.it/arezzo/;http://www.facebook.com/chimeraarcobaleno.arcigayarezzo/;;;;
Asti;Love is Love, Associazione Aderente Arcigay;Love is Love nasce con l'intento di essere il riferimento nella provincia di Asti per le persone LGBTQIE, diventando anche Affiliata Arcigay. Il nostro obiettivo √® quello di fare informazione e di combattere le discriminazioni sessuali che sono purtroppo ancora presenti nella nostra comunit√†. Teniamo uno sportello d'ascolto per coloro che volessero approcciarsi a questa realt√†, anche in totale anonimato. Organizziamo eventi culturali creando luoghi d'incontro per conoscersi e scambiarsi opinioni. Siamo aperti ad ogni tipo di collaborazione con altre associazioni, scuole e privati. Contattateci sulla pagina o mandate un'email a loveislove.asti@gmail.com per qualsiasi informazione o richiesta.;;Via Roero, 49, Asti, AT, Italia;;;loveislove.asti@gmail.com;https://loveisloveasti.wordpress.com/;https://www.arcigay.it/asti/;https://www.facebook.com/Love-is-Love-Associazione-LGBT-Asti-258771297660682/;;;;
Bari;"Arcigay Bari ""L'arcobaleno del Levante, Comitato territoriale Arcigay";Arcigay Bari √® un'associazione che promuove l'uguaglianza e i diritti LGBTQ, lotta contro l'omofobia e le forme di razzismo.;;Piazza San Pietro, 22, Bari, BA, Italia;;;bari@arcigay.it;https://www.arcigay.it/bari/;https://www.arcigay.it/bari/;http://www.facebook.com/Arcigay-Bari-342760739138287/;;;;
Barletta ‚Äì Andria ‚Äì Trani;"Arcigay Bat ""Le Mine Vaganti, Comitato territoriale Arcigay";Circolo territoriale della sesta provincia pugliese per la promozione sociale e la cultura LGBTQI. info: bat@arcigay.it;;Via Umberto I, 273 Trani;https://www.arcigay.it/wp-content/uploads/2016/08/Logo_Arcigay_BAT.jpg;;bat@arcigay.it;https://www.arcigaybat.it/;https://www.arcigay.it/barletta/;http://www.facebook.com/arcigaybat/;;;;
Bergamo;Arcigay Bergamo ‚ÄúCives, Comitato territoriale Arcigay;Cives nasce nel 2009 a Bergamo per reazione alla campagna omofobica montata per contrastare l‚Äôiniziativa legislativa sull‚Äôistituzione dei PACS. Arcigay Cives crede in una societ√† laica e democratica in cui le libert√† individuali e i diritti umani e civili siano riconosciuti, promossi e garantiti senza discriminazioni fondate sull‚Äôorientamento sessuale, l‚Äôidentit√† di genere e ogni altra condizione personale e sociale e in cui la personalit√† di ogni individuo possa realizzarsi in un contesto di pace e di sereno rapporto con l‚Äôambiente sociale e naturale. ;;Via Borgo Palazzo, 130, Bergamo, BG, Italia;https://scontent-mxp1-1.xx.fbcdn.net/v/t1.0-9/14671301_1213454852046800_1106901552280533049_n.jpg?_nc_cat=108&ccb=2&_nc_sid=09cbfe&_nc_ohc=ffWSLyEdaTwAX_Aeq3E&_nc_ht=scontent-mxp1-1.xx&oh=4378b3da55c4239830b4b41351c3888b&oe=602403FF;347 8664745;info@arcigaybergamo.it;http://www.arcigaybergamo.it/;https://www.arcigay.it/bergamo/;http://www.facebook.com/cives.bergamo, https://www.facebook.com/arcigaygiovaniBG/;https://www.twitter.com/arcigaybg_cives;;;
Bologna;Cassero LGBT Center, Comitato territoriale Arcigay;Il Cassero LGBTI+ Center √® un circolo politico impegnato nel riconoscimento dei diritti delle persone LGBTI+, uno spazio culturale che progetta e realizza rassegne artistiche e attivit√† di aggregazione sociale e di intrattenimento.;Il Cassero LGBTI+ center √® il comitato provinciale Arcigay di Bologna, un circolo politico impegnato nel riconoscimento dei diritti delle persone trans* lesbiche e gay, uno spazio culturale che progetta e realizza rassegne artistiche e attivit√† di aggregazione sociale e di intrattenimento, un laboratorio attivo nello sviluppo di servizi dedicati al benessere e alla tutela della nostra comunit√†. Il Cassero affonda la sue radici nel Collettivo Frocialista, formatosi a Bologna nel 1977 all‚Äôinterno dei movimenti studenteschi. Nel 1979 nasce il ‚ÄúCircolo di cultura omosessuale 28 giugno‚Äù che nel giugno del 1982 riceve dal Comune di Bologna la sede di Porta Saragozza, primo caso in Italia di un‚Äôamministrazione comunale che riconosce l‚Äôimportanza e la progettualit√† di una realt√† associativa gay e lesbica. Nel 1985 promuove la nascita dell‚Äôassociazione nazionale Arcigay, cui aderisce assumendo la denominazione di Circolo Arigay Il Cassero. Il 2 marzo del 2002 firma una convenzione con il Comune di Bologna, ricevendo la nuova e attuale sede, la Salara, posta all‚Äôinterno della Manifattura delle Arti, crocevia delle esperienze della Cineteca di Bologna, dei Dipartimenti di Musica e Spettacolo e di Scienze della Comunicazione dell‚ÄôUniversit√† di Bologna, e del Mambo, il Museo d‚ÄôArte Moderna di Bologna.;Via Don Giovanni Minzoni, Bologna, BO, Italia;https://www.arcigay.it/wp-content/uploads/2016/11/cassero_logo_2013_O_color1.jpg;051 09 57 200;info@cassero.it;http://www.cassero.it/;https://www.arcigay.it/bologna/;https://www.facebook.com/casserolgbticenter/;;;;
Bolzano;Centaurus Arcigay dell'Alto Adige S√ºdtirol, Comitato territoriale Arcigay;CENTAURUS - S√ºdtiroler Arcigay Landeskomitee - Comitato Arcigay dell'Alto Adige;"Gruppo di CENTAURUS: Esiste un gruppo di Centaurus su Facebook. Il gruppo viene utilizzato come chat e per lo scambio di informazioni su eventi ecc..  ‚ÄúCENTAURUS - Gay e Lesbiche dell'Alto Adige"" si pone come punto di riferimento per le donne e gli uomini omo- e bisessuali e le persone trans- ed intersessuali del Sudtirolo. ";Via G. Galilei, 4/a, 39100 Bolzano BZ, Italia;https://scontent-mxp1-1.xx.fbcdn.net/v/t1.0-9/60342092_2218746751709489_7206204315160018944_n.png?_nc_cat=107&ccb=2&_nc_sid=09cbfe&_nc_ohc=JOLCkcdSV8oAX99-GqT&_nc_ht=scontent-mxp1-1.xx&oh=54efd5d337f70605512396a51a3fc466&oe=6024BECD;0471 976342;info@centaurus.org;https://www.centaurus.org/;https://www.arcigay.it/bolzano/;https://www.facebook.com/centauruslgbti/;;http://instagram.com/centaurusbz;;https://www.paypal.com/paypalme/arcigaycentaurus
Brescia;Arcigay Brescia ‚ÄúOrlando, Comitato territoriale Arcigay;Siamo un'associazione di promozione sociale con sede a Brescia e ci battiamo a favore dei diritti delle persone lesbiche, gay, bisessuali, transessuali e intersessuali della citt√† e della provincia di Brescia e non solo.;Arcigay Orlando Brescia √® stata fondata nel 1994 e da quel momento lottiamo per combattere nella societ√† il pregiudizio e la discriminazione verso le persone LGBTQIA+*. Noi di Orlando ci impegniamo perch√© siano garantite le pari opportunit√† e la pari dignit√† tra le persone, indipendentemente dal loro orientamento sessuale.;Via Valerio Paitone, 42, Brescia, 25122 BS, Italia;https://scontent-mxp1-1.xx.fbcdn.net/v/t1.0-9/137680048_4039754482725886_5046146298428615494_o.jpg?_nc_cat=103&ccb=2&_nc_sid=09cbfe&_nc_ohc=Z8dWgMwAxBMAX8aoGnI&_nc_ht=scontent-mxp1-1.xx&oh=7813362a353e181089885180c816d2e2&oe=60276FC6;379 145 6774;brescia@arcigay.it;http://www.arcigaybrescia.it/;https://www.arcigay.it/brescia/;https://www.facebook.com/ArcigayOrlandoBrescia/, https://www.facebook.com/groups/155778387820601/;https://www.twitter.com/ArcigayBrescia;;;
Campania;Arcigay Campania, Coordinamento Regionale Arcigay;;;Vico S. Geronimo, 23, Napoli, 80134 NA, Italia;https://www.arcigay.it/wp-content/uploads/2016/09/arcigay_campania.jpg; 081 552 88 15;campania@arcigay.it;;https://www.arcigay.it/campania/;;;;;
Caserta;Rain Arcigay Caserta, Comitato territoriale Arcigay;Rain Arcigay Caserta onlus √® impegnata nella lotta contro ogni forma di discriminazione, odio e pregiudizio connessa all'omofobia, bifobia e transfobia. Per effettuare donazioni il nostro codice IBAN √® IT31S0306909606100000149101.;Pagina ufficiale di Rain Arcigay Caserta onlus, che intende promuovere il contrasto all'omo-transfobia, la visibilit√† ed il rispetto dei diritti civili delle persone LGBTI+(acronimo di: lesbica, gay, bisex, transgender, intersex, queer) e la lotta contro le pretese ed i presupposti del pensiero sessista.;Via Giuseppe Verdi, 15, Caserta, CE, Italia;https://www.arcigay.it/wp-content/uploads/2016/11/LOGO-COLORATO-fondo-bianco.png;8231607485;direttivo@rainarcigaycaserta.it;http://www.rainarcigaycaserta.it/;https://www.arcigay.it/caserta/;https://www.facebook.com/rainarcigaycaserta;https://www.twitter.com/ArcigayCaserta;https://www.instagram.com/arcigaycaserta/;https://www.youtube.com/user/raincaserta;
Castelli Romani;Castelli Romani, Associazione Aderente Arcigay;Il punto di riferimento per la comunit√° LGBTIQ+ nella zona dei Castelli Romani, Lazio.;Il punto di riferimento per la comunit√° LGBTIQ+ nella zona dei Castelli Romani, Lazio.;;https://www.arcigay.it/wp-content/uploads/2019/03/CASTELLI-ROMANI-LOGO.jpg;;castelliromani@arcigay.it;;https://www.arcigay.it/castelli-romani/;https://www.facebook.com/ArcigayCastelliRomani;;;;
Catania;"Arcigay Catania ""Pegaso LGBT, Comitato territoriale Arcigay";La pagina del Comitato Territoriale Arcigay Pegaso Catania Enna e Caltanissetta;La pagina del Comitato Territoriale Arcigay Pegaso Catania Enna e Caltanissetta;Via della Valeriana, 84, Collina Primosole, CT, Italia;https://www.arcigay.it/wp-content/uploads/2016/05/logo-arcigay-catania-sfondo-bianco.jpeg;;catania@arcigay.it, arcigayctdirettivo@virgilio.it;;https://www.arcigay.it/catania/;https://www.facebook.com/arcigayct, https://www.facebook.com/groups/475056345848421/;;;;
Chieti;Arcigay Chieti, Sylvia Rivera, Comitato territoriale Arcigay;"Pagina ufficiale del comitato Arcigay Chieti ""Sylvia Rivera""";"Sylvia Rivera √® il comitato territoriale Arcigay competente per Chieti e la sua provincia. Costituito come comitato promotore quattro anni fa col nome di Triangolo Rosa, opera nella provincia dal 2009 e nel capoluogo da maggio 2012. Il primo congresso, fondativo, √® stato celebrato il 28 settembre 2013 a Chieti, nella sede di via Maiella 72, con la partecipazione del Presidente Nazionale Arcigay Flavio Romani.
Perch√© ‚ÄòSylvia Rivera‚Äô. E‚Äô la notte tra il 27 e il 28 giugno 1969, il luogo lo ‚ÄòStonewall Inn‚Äô, locale gay nella Christopher Street a New York. Quella che sembrava una retata della polizia come tante altre contro le persone omosessuali e transgender prima di allora si trasforma in pochissimo tempo nella prima grande resistenza per l‚Äôautodeterminazione delle persone lgbt. Infatti, quelli che da allora in poi passeranno alla storia come ‚Äòi moti di Stonewall‚Äô prendono immediatamente la piega di una rivalsa attiva e coraggiosa contro i soprusi di una polizia corrotta e legata a una visione manichea e oscurantista della realt√†. Tra i protagonisti della nascita del primo grande fermento di orgoglio lgbt c‚Äô√® proprio Sylvia Rivera, transgender riconosciuta come il simbolo di quei moti e della lotta di liberazione omotransessuale.
Come fondatrici e fondatori del comitato, abbiamo riconosciuto la positivit√† della valenza della figura di Sylvia, delle sue lotte e dei suoi valori e abbiamo deciso di ispirarci in questo modo sia perch√© crediamo fermamente nel diritto all‚Äôautodeterminazione di ciascun* sia perch√© vogliamo che tutte le lettere della sigla che contrassegna la nostra appartenenza ad Arcigay (associazione lgbt) siano rappresentate, mostrate, difese, determinate in pari modo.
La nostra vision - Noi desideriamo vivere e coltivare un mondo, un paese, un territorio in cui i diritti di tutt* siano pienamente fruibili e fruiti, in cui ciascun* abbia la possibilit√† di essere ci√≤ che √® nato per essere, sviluppando appieno la propria personalit√† e in cui le differenze individuali (come l‚Äôorientamento sessuale, l‚Äôidentit√† di genere e l‚Äôidentit√† personale) siano un arricchimento nell‚Äôesperienza dell‚Äôaltro e non un ostacolo alla piena espressione di s√©.
La nostra mission - Noi ci impegnamo a: ‚Äòcreare le condizioni per l‚Äôaffermazione della piena realizzazione e della piena visibilit√† di ogni persona gay, lesbica, bisessuale e transgender;
combattere il pregiudizio, le discriminazioni e la violenza in ogni loro forma, anche attraverso la formazione el‚Äôaggiornamento dei volontari e delle volontarie, operatori sociali, educatori e insegnanti, lavoratori pubblici e privati;
fornire servizi di supporto socio-psicologico, esistenziale, di promozione della salute, linee di telefono amico, produzione e programmazione culturale;
promuovere la socializzazione delle persone LGBT attraverso attivit√† e strutture aggregative e ricreative;
promuovere una maggiore consapevolezza sui temi dei diritti civili, del superamento del pregiudizio e della lotta alle discriminazioni nell‚Äôopinione pubblica tramite l‚Äôintervento sui mass media e l‚Äôattivazione di propri strumenti e occasioni di informazione;
lottare per l‚Äôabolizione di ogni forma di discriminazione normativa relativa all‚Äôorientamento sessuale e all‚Äôidentit√† ed espressione di genere e per il pieno riconoscimento legale dell‚Äôuguaglianza dei diritti delle coppie lesbiche e gay;
essere forza di pressione verso le istituzioni e le forze politiche affinch√© siano messe in atto buone pratiche antidiscriminatorie, supporti all‚Äôazione dell‚Äôassociazione;
costruire un dialogo e realizzare alleanze con le altre associazioni, i sindacati, le forze sociali e i movimenti al fine di rafforzare la lotta contro le discriminazioni e i pregiudizi e contribuire ad un ampliamento della libert√† e dell‚Äôuguaglianza di tutti gli individui;
sostenere le azioni e le rivendicazioni delle persone bisessuali e transgender e del movimento delle donne;
promuovere l‚Äôinserimento sociale e la valorizzazione delle persone con HIV, favorendone il lavoro e la presenza a tutti i livelli dell‚Äôassociazione;
combattere le discriminazioni verso le persone affette da malattie sessualmente trasmissibili con particolare riferimento all‚ÄôHIV;
promuovere una sessualit√† libera, consapevole e informata. Favorire l‚Äôeducazione sessuale e la conoscenza e la diffusione delle pratiche di sesso sicuro.‚Äô [1]
I nostri valori - Collettivamente abbiamo deciso di agire nel rispetto di questi valori che fondano l‚Äôazione della nostra associazione: ‚Äòil rispetto e la promozione dei diritti umani e civili;
la laicit√† e la democraticit√† delle istituzioni; l‚Äôinclusione sociale e la serena visibilit√† di ogni persona e il rifiuto di ogni discriminazione;
il sereno rapporto tra ogni individuo e l‚Äôambiente sociale e naturale; la libert√†, l‚Äôuguaglianza, la solidariet√†, la non violenza, la pace, il rifiuto di ogni totalitarismo; la democrazia interna, la partecipazione delle socie e dei soci alla vita dell‚Äôassociazione, la trasparenza dei processi decisionali.
Le nostre attivit√† sono completamente volontarie, non hanno finalit√† di lucro e sono motivate da quanto abbiamo espresso. Il collettivo volontar* di Sylvia Rivera √® composto da persone che hanno deciso di lottare per una societ√† pi√π giusta, pi√π libera, pi√π democratica, indipendentemente dalle visioni sociali di orientamento sessuale, identit√† di genere e altro.
Partecipa anche tu se condividi i nostri scopi! Unisciti a noi!
Il collettivo volontar* di Sylvia Rivera";Viale Maiella, 72, Chieti, CH, Italia;https://scontent-mxp1-1.xx.fbcdn.net/v/t1.0-9/24177014_881378885369698_6223466101166101465_n.jpg?_nc_cat=105&ccb=2&_nc_sid=09cbfe&_nc_ohc=J5wG-A3_RvoAX-_X8Fe&_nc_ht=scontent-mxp1-1.xx&oh=8c26c18e3145e9677cfe8180d2d56e49&oe=6025330C;;chieti@arcigay.it;http://arcigaychieti.wordpress.com/;https://www.arcigay.it/chieti/;http://www.facebook.com/arcigay.chieti/, https://www.facebook.com/groups/gruppogiovaniarcigaychieti;https://www.twitter.com/ArcigayChieti;;http://www.youtube.com/Arcigay%20Chieti;
Como;Arcigay Como, Associazione Aderente Arcigay;;;Via Alfonso Lissi, 6, Como, CO, Italia;https://scontent-mxp1-1.xx.fbcdn.net/v/t1.0-9/37888987_1002885686552426_7124783181315702784_o.png?_nc_cat=107&ccb=2&_nc_sid=09cbfe&_nc_ohc=ecr74botdZAAX88FhM2&_nc_ht=scontent-mxp1-1.xx&oh=3c0542083390ae95bc7774e97fa981b4&oe=60245680;;como@arcigay.it;;https://www.arcigay.it/como/;https://www.facebook.com/arcigaycomo;;;;
Cosenza;Arcigay EOS Cosenza, Comitato territoriale Arcigay;La pagina ufficiale del comitato Arcigay di Cosenza www.eoscosenza.com   Mail to: eosarcigaycosenza@gmail;"Arcigay √® un‚Äôassociazione senza scopo di lucro, nata nel 1985, che opera su tutto il territorio nazionale attraverso i suoi comitati locali, i circoli e le associazioni affiliate per la realizzazione dell‚Äôuguaglianza tra individui a prescindere dall‚Äôorientamento sessuale e dall‚Äôidentit√† di genere. √à articolata in gruppi di volontariato, i comitati provinciali, composti da persone gay, lesbiche trans e non, volontari e professionisti. √à organizzata attraverso una sede nazionale, che coordina le attivit√† di informazione, prevenzione, e difesa dei diritti della comunit√† lgbt (lesbica, gay, bisessuale e trans) e opera per la crescita e la diffusione delle sedi locali che agiscono a livello regionale, provinciale e cittadino. Arcigay collabora con altre associazioni non governative italiane ed europee e con le principali istituzioni nazionali ed internazionali. La mission Promuovere e tutelare il diritto all‚Äôuguaglianza tra ogni persona sia essa gay, bisessuale, lesbica, transessuale o eterosessuale; affermare principi e relazioni di solidariet√†; lottare contro ogni forma di violenza e discriminazione dei diritti umani, civili e di cittadinanza delle persone gay, lesbiche, bisessuali e trans. Promuovere la visibilit√† e la piena partecipazione alla vita sociale e civile delle persone gay, lesbiche, bisessuali e trans. Proporre politiche culturali, sociali, e dibattito intorno alle tematiche dell‚Äôomosessualit√†, del lesbismo e della transessualit√†. Valori e principi Arcigay crede in una societ√† laica e democratica in cui le libert√† individuali e i diritti umani e civili siano riconosciuti, promossi e garantiti senza discriminazioni fondate sull‚Äôorientamento sessuale, l‚Äôidentit√† di genere e ogni altra condizione personale e sociale e in cui la personalit√† di ogni individuo possa realizzarsi in un contesto di pace e di sereno rapporto con l‚Äôambiente sociale e naturale. L‚Äôassociazione √® indipendente da qualsiasi governo, ideologia politica, interesse economico o religioso ed √® finanziata principalmente dai soci o da donazioni private o pubbliche.";Corso Bernardino Telesio, 98, 87100 Cosenza, CS, Italia;https://scontent-mxp1-1.xx.fbcdn.net/v/t1.0-9/53199779_2307114162868114_5697695037823909888_n.jpg?_nc_cat=108&ccb=2&_nc_sid=09cbfe&_nc_ohc=NCSNBt5MQj4AX_eBysT&_nc_ht=scontent-mxp1-1.xx&oh=7a10cddb16ee5159b6969743bfe25499&oe=60276E9A;331 874 9954;cosenza@arcigay.it;;https://www.arcigay.it/cosenza/;https://www.facebook.com/eoscosenza/;;;;
Cremona;"Arcigay Cremona ""La Rocca, Comitato territoriale Arcigay";Arcigay Cremona √® un'associazione di promozione sociale che si propone come punto di riferimento per lesbiche, gay, bisex, trans e intersex.;"Il Comitato Provinciale Arcigay Cremona √® un'associazione di promozione sociale che si propone come punto di riferimento per gay e lesbiche cremonesi e delle province circostanti. 
√à un'associazione senza finalit√† di lucro, ideologicamente libera, apartitica, sovraconfessionale ed indipendente, che si impegna per il bene e per i diritti civili di uomini e donne omosessuali. 
Sono obiettivi del Comitato l‚Äôaffermazione dell‚Äôidentit√† omosessuale e la difesa delle libert√† civili e politiche individuali e collettive in genere. 
Promuove iniziative per incoraggiare il coming out, l'emancipazione ed anche la reciproca solidariet√† tra omosessuali, condannando ogni atto di omofobia, discriminazione e violenza ai danni delle persone LGBTI.
";Via Cesare Speciano, 4, Cremona, CR, Italia;https://scontent-mxp1-1.xx.fbcdn.net/v/t1.0-9/113752615_3121182154666218_2265966752612577693_n.png?_nc_cat=102&ccb=2&_nc_sid=09cbfe&_nc_ohc=t6azs_wf41EAX-Nx0oe&_nc_ht=scontent-mxp1-1.xx&oh=9029779615941fcd02e2e78401ec08c5&oe=6024ADE2;;cremona@arcigay.it;http://www.arcigaycremona.it/;https://www.arcigay.it/cremona/;http://www.facebook.com/ArcigayCremona/;https://www.twitter.com/ArcigayCremona;;;
Cuneo;"Arcigay ""Granda Queer"" Cuneo, Comitato territoriale Arcigay";Arcigay Cuneo √® una associazione antirazzista, antisessista e antifascista che si batte per l'uguaglianza di tutti e e tutte, per i diritti delle persone LGBT e per il loro benessere.;"Il nome Granda Queer ci √® sembrato da subito molto evocativo di ci√≤ che la nostra Associazione vuole essere.
Granda perch√© la nostra √® per appunto la ‚ÄúProvincia Granda‚Äù, grande sia nella storia che si porta sulle spalle (la resistenza e la guerra di liberazione) sia come territorio.
Ai nostri giorni questa storia di coraggio e di libert√† √® portata avanti sotto altri aspetti, dall‚Äôintegrazione di nuove e diverse culture presenti sul territorio della Provincia tutta, all‚Äôinclusione di comunit√† religiose non cattoliche‚Ä¶
La natura stessa della nostra Provincia per√≤ ci pone anche di fronte a numerose sfide, in primis l‚Äôestensione territoriale del nostro circolo che copre un‚Äôarea di quasi 7000 km¬≤ in secundis l‚Äôassenza di grandi centri urbani, a fronte di una frammentazione del territorio, suddiviso storicamente in 7 aree (Cuneo, Mondov√¨, Fossano, Savigliano, Br√†, Alba, Saluzzo). Questo comporta una notevole complessit√† dal punto di vista gestionale, in quanto una singola Associazione si trova a doversi confrontare Istituzioni contemporaneamente.
Il termine Queer, invece, ci √® parso molto indicativo per far comprendere una delle nostre missioni pi√π importanti, ovvero, usando una parola che per sua natura non classifica e non divide in sottocategorie, vogliamo sottolineare il nostro impegno per la lotta alle discriminazioni.
In questo nome, sono racchiuse da una parte la nostra storia, il nostro territorio, dall‚Äôaltra le nostre speranze, le battaglie sociali. Il nome Granda
Granda Queer vuole essere un gruppo antirazzista, antisessista, antifascista che si batte per la piena uguaglianza delle persone LGBT, per il loro benessere, per la loro tutela dinanzi ai modelli omofobici pi√π in genere discriminatori, che caratterizzano parte del nostro tessuto sociale.
√à una comunit√† fondata sull‚Äôaccoglienza, sullo spirito solidaristico e comunitario, che √® la radice autentica che l‚Äôha generata.
";Corso Vittorio Emanuele II, 33, Cuneo, CN, Italia;https://scontent-mxp1-1.xx.fbcdn.net/v/t1.0-9/29597693_990729671082204_4364200344229500250_n.png?_nc_cat=109&ccb=2&_nc_sid=09cbfe&_nc_ohc=iVgRDqIB_zoAX9oFScz&_nc_ht=scontent-mxp1-1.xx&oh=5e776abdf5a63b66f1e8ce81bb1e75ee&oe=6026D31F;370 312 7750;cuneo@arcigay.it, grandaqueer@gmail.com;http://www.grandaqueer.it/;https://www.arcigay.it/cuneo/;http://www.facebook.com/GrandaQueer-Cuneo-470972119724631/;;;;
Ferrara;Arcigay Ferrara, Comitato territoriale Arcigay;Arcigay Ferrara aps ‚Äì ¬´Gli Occhiali d'Oro¬ª di Giorgio Bassani;Arcigay Ferrara √® un‚Äôassociazione senza scopo di lucro che opera per la realizzazione dell‚Äôuguaglianza tra individui a prescindere dall‚Äôorientamento sessuale e dall‚Äôidentit√† di genere.;Via Ripagrande, 12, Ferrara, FE, Italia;https://www.arcigay.it/wp-content/uploads/2016/08/logoArcigayFerrara.png;320 0134477;ferrara@arcigay.it;https://arcigay.it/ferrara;https://www.arcigay.it/ferrara/;https://www.facebook.com/arcigayferrara/, https://www.facebook.com/groups/GiovaniFerrara;;http://instagram.com/arcigayferrara;;
Firenze;Arcigay Firenze Altre Sponde, Associazione Aderente Arcigay;Arcigay Firenze Altre Sponde APS;"L'Associazione si √® costituit√† negli ultimi mesi del 2020. Con la nostra attivit√† associativa porteremo avanti, con un atteggiamento sempre proattivo, le istanze della comunit√† lgbtqia+ attraverso la Cultura (eventi, corsi, spettacoli), la Formazione (rivolta all‚Äôinterno e all‚Äôesterno della comunit√†), lo Sport (supporto alle realt√† esistenti e promozione di eventi) e anche, avvalendoci della rete Nazionale, andando ad attivare tutta una serie di Servizi di supporto e non solo.
Non potr√† mancare ci√≤ che ci definisce Comunit√†, l‚Äôaggregazione, vista non in un‚Äôottica escludente, ma come una visione ampia di conoscenza e condivisione, come un mantra che si ripete all‚Äôinterno di quella che √® e sempre sar√† Altre sponde.
Per noi, il concetto di inclusione √® chiaro e totale, e per questo non vediamo presupposti di confronto con posizioni escludenti verso le persone Trans, la comunit√† che le circonda e ogni altra soggettivit√†. ‚ÄúAltre Sponde non √® solo un gioco di parole, ma una nuova visione di inclusivit√†, dove tutte e tutti potranno sentirsi a casa.‚Äù Proprio con questa visione ben chiara nasce Arcigay Firenze Altre Sponde, e con questo ci teniamo a sottolineare la nostra piena intenzione di collaborare con le realt√† del territorio per portare avanti le istanze del movimento LGBTQIA+. Siamo una Comunit√† di Lesbiche, Gay, Bisex, Trans*, Queer, Intersex, Asex & +. Organiziamo eventi, cultura, progetti, servizi e socializzazione. ";;https://scontent-mxp1-1.xx.fbcdn.net/v/t1.0-9/138782996_138034968129898_5681472976625825120_o.png?_nc_cat=108&ccb=2&_nc_sid=09cbfe&_nc_ohc=QLmsSUcGl2gAX9G-8d-&_nc_ht=scontent-mxp1-1.xx&oh=ec9a9e0120a7831c5043c884545b2095&oe=6025F67D;3534188291;info@arcigayfirenze.it;https://www.arcigayfirenze.it/;https://www.arcigay.it/firenze/;https://www.facebook.com/arcigayFi/;;;;
Foggia;"Arcigay Foggia ""Le Bigotte, Comitato territoriale Arcigay";Comitato Provinciale Arcigay Foggia;"Comitato Provinciale Arcigay Foggia Presidente: Alice Rizzi
Presidente Onorario: Paolo Patan√®
Contatti:
foggia@arcigay.it
arcigayfoggialebigotte@gmail.com
";;https://scontent-mxp1-1.xx.fbcdn.net/v/t1.0-9/87689628_2762505910514600_3123552293576769536_n.jpg?_nc_cat=100&ccb=2&_nc_sid=09cbfe&_nc_ohc=c7xAb76OXeoAX_Wp_wA&_nc_ht=scontent-mxp1-1.xx&oh=6258cc93e9fa61665d3a8b20741ea2b7&oe=6025720E, https://www.arcigay.it/wp-content/uploads/arcigayfoggia-1.jpg;;foggia@arcigay.it, arcigay.foggia@gmail.com;http://arcigayfoggia.altervista.com/;https://www.arcigay.it/foggia/;http://www.facebook.com/ArcigayFoggiaLeBigotte/;;;;
Frosinone;Frosinone, Associazione Aderente Arcigay;"Stonewall Frosinone nasce successivamente alla quarta edizione del Lazio Pride 2019, svoltosi a Frosinone. 
Punto di riferimento per la comunit√† LGBT+ ciociara e della provincia di Frosinone, √® affiliata Arcigay.";;Viale Giuseppe Mazzini, 25, Frosinone, FR, Italia;https://www.arcigay.it/wp-content/uploads/2020/07/index.jpg;;frosinone@arcigay.it;;https://www.arcigay.it/frosinone/;https://www.facebook.com/arcigayfrosinone;;;;
Genova;Arcigay Genova, Approdo Lilia Mulas APS, Comitato territoriale Arcigay;Arcigay Genova √® un'organizzazione di volontariato senza fini di lucro che svolge un lavoro di aggregazione e rappresentanza della comunit√† LGBT ligure.;"Arcigay Genova √® un‚Äôassociazione che, oltre a svolgere un lavoro di socializzazione e aggregazione della comunit√† gay e lesbica, si impegna attivamente per promuovere il diritto alla salute fisica e psicologica della popolazione omosessuale, dando voce, presso le istituzioni e le realt√† della societ√†, alla comunit√† omosessuale; √® un‚Äôassociazione democratica, non violenta, antirazzista che promuove la libert√† nel pieno rispetto dei diritti di tutti e per l‚Äôintegrazione a pari dignit√† di tutti gli uomini e le donne senza discriminazioni per il loro orientamento sessuale.";Via Al Molo Giano, Genova, GE, Italia;https://www.arcigay.it/wp-content/uploads/2016/05/logo_arcigay_genova.png;3470011818;presidenza@arcigaygenova.it;http://www.arcigaygenova.it/;https://www.arcigay.it/genova/;http://www.facebook.com/arcigaygenova/, https://www.facebook.com/gruppogiovani.arcigaygenova/;https://www.twitter.com/ArcigayApprodo;http://instagram.com/arcigaygenova;;
Imperia;M.I.A. Arcigay Imperia, Comitato territoriale Arcigay;Questa √® la pagina ufficiale di Arcigay Imperia MIA - Movimento Imperiese Arcobaleno.;;Corso degli Inglesi, 288, Sanremo, IM, Italia;https://scontent-mxp1-1.xx.fbcdn.net/v/t1.0-9/12038523_1642430632684041_1866192823446938678_n.png?_nc_cat=104&ccb=2&_nc_sid=09cbfe&_nc_ohc=wZQOKwOgMl8AX9KhOhE&_nc_ht=scontent-mxp1-1.xx&oh=b860f4b6d9274b2ed1649bdc7ffe3a70&oe=60244045;3280281459;imperia@arcigay.it;http://www.arcigayimperia.it/;https://www.arcigay.it/imperia/;https://www.facebook.com/arcigayimperia;https://www.twitter.com/Arcigayimperia;;;
L‚ÄôAquila;"Arcigay ""Massimo Consoli"" L‚ÄôAquila, Comitato territoriale Arcigay";Circolo Arcigay del capoluogo abruzzese, intitolato al padre del movimento LGBT in Italia: Massimo Consoli.;;;https://www.arcigay.it/wp-content/uploads/2016/05/10620811_291261144415076_5661310999950133412_n.jpg;;laquila@arcigay.it;https://laquila.arcigay.it/;https://www.arcigay.it/laquila/;http://www.facebook.com/arcigay.massimoconsolilaquila;https://www.twitter.com/ArcigayAQ;;;
Latina;SEIcomeSEI, Comitato territoriale Arcigay;"Comitato territoriale Arcigay su Latina e provincia
Associazione SEIcomeSEI - ONLUS Antidiscriminazione/Antibullismo LGBTI+
";;Latina, LT, Italia;https://www.arcigay.it/wp-content/uploads/2017/03/46984655_2126275374304173_571038154228760576_n.jpg;;seicomesei.aps@libero.it;;https://www.arcigay.it/latina/;https://www.facebook.com/Seicomesei-Associazione-ONLUS-1386903218241396/, https://www.facebook.com/lerospe/;;;;
Le fate ignoranti;Le fate ignoranti, Associazione Aderente Arcigay, Arcigay Taras Arcobaleno;Associazione di promozione sociale atta a creare una community tra le persone arcobaleno ed una rete con le altre realt√† LGBTQI, partendo dal tarantino.;;;https://scontent-mxp1-1.xx.fbcdn.net/v/t1.0-9/29791447_2130836040482698_8551348485553651712_n.jpg?_nc_cat=104&ccb=2&_nc_sid=09cbfe&_nc_ohc=SMl1UmlfZ7oAX-DxHSz&_nc_ht=scontent-mxp1-1.xx&oh=7b8c7b598b36ccfc892a77b9ae05a547&oe=60268876;;lefateignoranti.taranto@arcigay.it;https://lefateignoranti.arcigay.it/;https://www.arcigay.it/le-fate-ignoranti/;https://www.facebook.com/tarasarcobaleno/;;;;
Lecce;Arcigay Salento, Comitato territoriale Arcigay;Arcigay Salento promuove e tutela i diritti individuali e collettivi al di l√† di orientamento sessuale, identit√† di genere e provenienza geografica.;"Benvenuti nella fan page ufficiale di Arcigay Salento La Terra di Oz
Arcigay √® un‚Äôorganizzazione solidaristica di volontariato sociale senza scopo di lucro, che ha come obiettivi la lotta contro l‚Äôomofobia e l‚Äôeterosessismo, contro il pregiudizio e la discriminazione. Si impegna per la realizzazione delle pari opportunit√† tra individui a prescindere dall'orientamento sessuale e per l‚Äôaffermazione di una piena, libera e felice esistenza, indipendentemente dall'orientamento sessuale.
email: arcigaysalento@gmail.com";Corte dei Chiaramonte, 2, Lecce, 73100 LE, Italia;https://www.arcigay.it/wp-content/uploads/2016/05/Logo-Arcigay-Salento-Nero.png, https://scontent-mxp1-1.xx.fbcdn.net/v/t1.0-9/101891494_2736600433132137_5235149965105299456_o.jpg?_nc_cat=110&ccb=2&_nc_sid=09cbfe&_nc_ohc=om357SfpUxIAX905lEc&_nc_ht=scontent-mxp1-1.xx&oh=dcfe6482fca2e1095f40f53ae273798b&oe=60242956;;lecce@arcigay.it;http://www.arcigaysalento.it/;https://www.arcigay.it/lecce/;https://www.facebook.com/arcigaysalento/;https://twitter.com/arcigaysalento/;https://www.instagram.com/arcigaysalento/;https://www.youtube.com/c/ArcigaySalento/;
Livorno;L.E.D. Libert√† e Diritti, Comitato territoriale Arcigay;A Livorno dal 2014, impegnate e impegnati quotidianamente nel contrasto all'omo-transfobia e nella lotta per i diritti civili!;"LA NOSTRA STORIA...
Nel 2013, a Cecina, abbiamo organizzato un flashmob il 17 maggio per la giornata mondiale contro l‚Äôomofobia. Da questa esperienza √® nata l‚Äôidea di creare un‚Äôassociazione di Promozione Sociale che si occupasse della difesa dei diritti umani, in specifico quelli della comunit√† LGBTQI, e delle varie discriminazioni. Dal 22 marzo 2014 ‚ÄúL.E.D. Libert√† e Diritti‚Äù √® entrata a far parte della famiglia Arcigay.
LA MISSION ! ! !
Promuovere e tutelare il diritto all‚Äôuguaglianza tra ogni persona sia essa gay, bisessuale, lesbica, transessuale o eterosessuale; affermare principi e relazioni di solidariet√†; lottare contro ogni forma di violenza e discriminazione dei diritti umani, civili e di cittadinanza delle persone gay, lesbiche, bisessuali e trans. Promuovere la visibilit√† e la piena partecipazione alla vita sociale e civile delle persone gay, lesbiche, bisessuali e trans.
Proporre politiche culturali, sociali, e dibattito intorno alle tematiche dell‚Äôomosessualit√†, del lesbismo e della transessualit√†. ‚ÄúL.E.D. Libert√† e Diritti‚Äù vuole anche creare un osservatorio che si occupi, gratuitamente, dei problemi che si possono creare dai vari tipi di discriminazione.
VALORI E PRINCIPI...
‚ÄúL.E.D. Libert√† e Diritti‚Äù crede in una societ√† laica e democratica in cui le libert√† individuali e i diritti umani e civili siano riconosciuti, promossi e garantiti senza discriminazioni fondate sull‚Äôorientamento sessuale, l‚Äôidentit√† di genere e ogni altra condizione personale e sociale e in cui la personalit√† di ogni individuo possa realizzarsi in un contesto di pace e di sereno rapporto con l‚Äôambiente sociale e naturale.
L‚Äôassociazione √® indipendente da qualsiasi governo, ideologia politica, interesse economico o religioso ed √® finanziata principalmente dai soci o da donazioni private o pubbliche.";Via Bikonacki, 57128 Livorno LI, Italia;https://www.arcigay.it/wp-content/uploads/2016/05/Logo-Arcigay-Livorno.jpg;3420397464;livorno@arcigay.it;http://www.arcigaylivorno.it/;https://www.arcigay.it/livorno/;https://www.facebook.com/ArcigayLi, https://www.facebook.com/gruppogiovaniArcigayLi;https://www.twitter.com/Arcigay_Livorno;http://instagram.com/arcigay_livorno;http://www.youtube.com/Arcigay%20Livorno;
Mantova;"Arcigay ""La Salamandra"" Mantova, Comitato territoriale Arcigay";"Siamo la maggiore associazione no profit per la difesa e la sensibilizzazione dei diritti delle persone LGBTI+ a Mantova.
VIA F.LLI BANDIERA, 10 - MANTOVA
www.arcigaymantova.it";;Via Fratelli Bandiera, 10, Mantova, 46100 MN, Italia;https://www.arcigay.it/wp-content/uploads/arcigaymantova.jpg;338 307 4145;mantova@arcigay.it, info@arcigaymantova.it;http://www.arcigaymantova.it/;https://www.arcigay.it/mantova/;http://www.facebook.com/Arcigay-La-Salamandra-Mantova-260753190625299/;;https://www.instagram.com/arcigay_la_salamandra/;;
Messina;"Arcigay ""Makwan"" Messina, Comitato territoriale Arcigay";;;Via Placida, 57/59, Messina, ME, Italia;;;messina@arcigay.it;;https://www.arcigay.it/messina/;;;;;
Milano;Centro d‚ÄôIniziativa Gay, Comitato territoriale Arcigay;Benvenuti nella pagina ufficiale del CIG - Centro iniziativa Gay, comitato provinciale di Arcigay Milano;"Il CIG CENTRO DI INIZIATIVA GAY √® una associazione di volontariato senza scopi di lucro, laica e democratica. √à costituito da persone che si impegnano per l'affermazione delle libert√† individuali affinch√© i diritti civili di tutti siano riconosciuti, promossi e garantiti senza discriminazioni fondate sull'orientamento sessuale e l'identit√† di genere e, in particolare, per il diritto a un sereno sviluppo dell'identit√† personale e a una vita piena e soddisfacente.
Il CIG √® comitato territoriale Arcigay di Milano, √® organizzato comune una comunit√† i cui diversi volontari sono strutturati in gruppi, commissioni e sezioni per lo svolgimento di attivit√† particolari, organizzare servizi destinati alla comunit√† lgbt e/o tutta la societ√†, realizzare eventi.
CIG Arcigay Milano aderisce al Coordinamento Arcobaleno delle Associazioni LGBT di Milano, alla Consulta Milanese per la Laicit√† delle Istituzioni, al tavolo Milano Contro l'Aids, Il Corda, al CORAL, Ilga Europe e Epoa.";Via Bezzecca, 3, Milano, MI, Italia;https://scontent-mxp1-1.xx.fbcdn.net/v/t1.0-9/376868_595510250473738_795917105_n.png?_nc_cat=104&ccb=2&_nc_sid=09cbfe&_nc_ohc=ef-k8N8VRykAX8AJ1N0&_nc_ht=scontent-mxp1-1.xx&oh=a23d566ff0dad8df720321857d2063bc&oe=60259567;02 54122225;milano@arcigay.it, segreteria@arcigaymilano.org;http://www.arcigaymilano.org/;https://www.arcigay.it/milano/;http://www.facebook.com/arcigaymilano/;;;;
Modena;"Arcigay Modena ""Matthew Shepard, Comitato territoriale Arcigay";"Siamo LGBTI Center della comunit√† modenese.
La nostra struttura √® composta di un presidente ed un vice, di un direttivo di 5 persone (spesso rappresentanti di gruppi)";"Siamo LGBTI Center della comunit√† modenese.
La nostra struttura √® composta di un presidente ed un vice, di un direttivo di 5 persone (spesso rappresentanti di gruppi)
La riunione del direttivo a cadenza mensile √® aperta a tutti.

trovate tutti i nostri eventi su
https://www.facebook.com/arcigaymodenamatthewshepard 
e il nostro website
www.arcigaymodena.org
";Viale IV Novembre, 40/A, Modena, MO, Italia;https://scontent-mxp1-1.xx.fbcdn.net/v/t1.0-9/31093320_826062254255107_7733918149817025432_n.jpg?_nc_cat=108&ccb=2&_nc_sid=09cbfe&_nc_ohc=U3vIKTWez-EAX-5fno-&_nc_ht=scontent-mxp1-1.xx&oh=6feeec9782d9a4b8ccc5dd1cdb655140&oe=60253EEC;059 8750811;modena@arcigay.it, presidenza@arcigaymodena.org;http://www.arcigaymodena.org/;https://www.arcigay.it/modena/;https://www.facebook.com/arcigaymodenamatthewshepard/, https://www.facebook.com/ArciGayGiovaniModena;;;;
Molise;"Arcigay Molise ""Lambda Identit√† Libere, Comitato Territoriale Arcigay";Arcigay Molise √® il comitato Arcigay con sede ad Isernia ed opera in difesa delle persone lesbiche, gay, bisex e trans.;"Arcigay Molise √® il comitato Arcigay con sede¬†ad Isernia ed opera in difesa delle persone lesbiche, gay, bisex e trans.
Arcigay Molise opera all‚Äôinterno di Arcigay,¬†associazione senza scopo di lucro, nata nel 1985, che opera su tutto il territorio nazionale attraverso i suoi comitati locali, i circoli e le associazioni affiliate per la realizzazione dell‚Äôuguaglianza tra individui a prescindere dall‚Äôorientamento sessuale e dall‚Äôidentit√† di genere.
√à organizzata attraverso una sede nazionale, che coordina le attivit√† di informazione, prevenzione, e difesa dei diritti della comunit√† lgbt (lesbica, gay, bisessuale e trans) e opera per la crescita e la diffusione delle sedi locali che agiscono a livello regionale, provinciale e cittadino.
Arcigay collabora con altre associazioni non governative italiane ed europee e con le principali istituzioni nazionali ed internazionali.
Arcigay Molise ¬†vuole¬†
promuovere e tutelare il diritto all‚Äôuguaglianza tra ogni persona sia essa gay, bisessuale, lesbica, transessuale o eterosessuale;
affermare principi e relazioni di solidariet√†;
lottare contro ogni forma di violenza e discriminazione dei diritti umani, civili e di cittadinanza delle persone gay, lesbiche, bisessuali e trans;
promuovere la visibilit√† e la piena partecipazione alla vita sociale e civile delle persone gay, lesbiche, bisessuali e trans; 
proporre politiche culturali, sociali, e dibattito intorno alle tematiche dell‚Äôomosessualit√†, del lesbismo e della transessualit√†.
Arcigay Molise agisce ed √® punto di riferimento per le province di Campobasso e Isernia.";Corso Giuseppe Garibaldi, Isernia, IS, Italia;https://arcigaymolise.files.wordpress.com/2015/08/cropped-prova-sito-2.jpg;389 948 5526;arcigaymolise@gmail.com, molise@arcigay.it;http://arcigaymolise.wordpress.com/;https://www.arcigay.it/molise/;https://www.facebook.com/ArcigayMolise;;;;
Napoli;"Arcigay ""Antinoo"" Napoli, Comitato territoriale Arcigay";Comitato Territoriale Arcigay Antinoo di Napoli;"Arcigay √® un‚Äôassociazione senza scopo di lucro, nata nel 1985, che opera su tutto il territorio nazionale attraverso i suoi comitati locali, i circoli e le associazioni affiliate per la realizzazione dell‚Äôuguaglianza tra individui a prescindere dall‚Äôorientamento sessuale e dall‚Äôidentit√† di genere. √à articolata in gruppi di volontariato, i comitati provinciali, composti da persone gay, lesbiche trans e non, volontari e professionisti. √à organizzata attraverso una sede nazionale, che coordina le attivit√† di informazione, prevenzione, e difesa dei diritti della comunit√† lgbt (lesbica, gay, bisessuale e trans) e opera per la crescita e la diffusione delle sedi locali che agiscono a livello regionale, provinciale e cittadino. Arcigay collabora con altre associazioni non governative italiane ed europee e con le principali istituzioni nazionali ed internazionali. 
La mission 
Promuovere e tutelare il diritto all‚Äôuguaglianza tra ogni persona sia essa gay, bisessuale, lesbica, transessuale o eterosessuale; affermare principi e relazioni di solidariet√†; lottare contro ogni forma di violenza e discriminazione dei diritti umani, civili e di cittadinanza delle persone gay, lesbiche, bisessuali e trans. Promuovere la visibilit√† e la piena partecipazione alla vita sociale e civile delle persone gay, lesbiche, bisessuali e trans. Proporre politiche culturali, sociali, e dibattito intorno alle tematiche dell‚Äôomosessualit√†, del lesbismo e della transessualit√†. 
Valori e principi 
Arcigay crede in una societ√† laica e democratica in cui le libert√† individuali e i diritti umani e civili siano riconosciuti, promossi e garantiti senza discriminazioni fondate sull‚Äôorientamento sessuale, l‚Äôidentit√† di genere e ogni altra condizione personale e sociale e in cui la personalit√† di ogni individuo possa realizzarsi in un contesto di pace e di sereno rapporto con l‚Äôambiente sociale e naturale. L‚Äôassociazione √® indipendente da qualsiasi governo, ideologia politica, interesse economico o religioso ed √® finanziata principalmente dai soci o da donazioni private o pubbliche.
";Vico San Geronimo, 17, Napoli, NA, Italia;https://www.arcigay.it/wp-content/uploads/arcigaynapoli.jpg;0815528815, 3497584462;napoli@arcigay.it;http://www.arcigaynapoli.org/;https://www.arcigay.it/napoli/;http://www.facebook.com/arcigaynapoli, https://www.facebook.com/gruppogiovaniarcigay.napoli.3;https://www.twitter.com/arcigaynapoli;;;
Padova;Arcigay Tralaltro Padova, Comitato territoriale Arcigay;Circolo di iniziativa omosessuale TRALALTRO ‚Äì ARCIGAY Padova Corso Garibaldi, 41 ‚Äì 35121 Padova codice fiscale 92112180283 / partita I.V.A. 04317390286;"TRALALTRO √® una associazione di promozione sociale che ha come scopo statutario ""la realizzazione delle persone lesbiche, gay, bisessuali, transessuali e intersessuali attraverso l'aggregazione e l'organizzazione, nella promozione di iniziative atte a tutelare il diritto alla salurte fisica e psichica, per l'abolizione di ogni forma di discriminazione, nell'informazione, nella formazione e nell'aggiornamento degli operatori sociosanitari e del personale scolastico""";Corso Giuseppe Garibaldi, 41, Padova, PD, Italia;https://scontent-mxp1-1.xx.fbcdn.net/v/t1.0-9/999410_222215891261941_355369358_n.png?_nc_cat=109&ccb=2&_nc_sid=09cbfe&_nc_ohc=jMwbJYzeBU0AX_Sm8x9&_nc_ht=scontent-mxp1-1.xx&oh=d5e5f7b6cd23bbebfbb90e0ed7e88eff&oe=602621A7;3921867057;padova@arcigay.it, info@tralaltro.it;http://www.tralaltro.it/;https://www.arcigay.it/padova/;https://www.facebook.com/ArcigayTralaltroPadova/, https://www.facebook.com/groups/tralaltrogiovani/;https://www.twitter.com/TralaltroPadova;;;
Palermo;Arcigay Palermo, Comitato territoriale Arcigay;Arcigay Palermo √® il comitato provinciale di Arcigay per le province di Palermo e Trapani.;Arcigay Palermo fornisce alla comunit√† LGBTQ ed al territorio servizi di: socializzazione ed accoglienza, counselling e supporto psicologico, consulenza legale, consulenza medica. Inoltre i volontari si occupano di promuovere la cultura LGBTQ, di promuovere la sessualit√† consapevole e protetta dalle malattie a trasmissione sessuale, di promuovere e realizzare incontri nelle scuole e nelle universit√†, di celebrare e ricordare le ricorrenze e le feste della comunit√†, di fare pressione nei confronti dell‚ÄôAmministrazione Pubblica, delle associazioni e dei partiti, etc.;Via della Rosa alla Gioiamia, 2/4, Palermo, PA, Italia;https://www.arcigay.it/wp-content/uploads/2016/06/arcigaypalermoesteso.png;3440123880;palermo@arcigay.it;http://arcigaypalermo.wordpress.com/;https://www.arcigay.it/palermo/;http://www.facebook.com/ArcigayPalermo/, http://www.facebook.com/giovaniarcigaypalermo/;https://www.twitter.com/arcigaypalermo;http://instagram.com/instagram.com/arcigaypalermo/;;
Pavia;Arcigay Pavia ‚ÄúComing, Aut, Comitato territoriale Arcigay;Official Page di Coming-Aut LGBTI+ Community Center - ARCIGAY PAVIA;;;https://scontent-mxp1-1.xx.fbcdn.net/v/t1.0-9/138601451_10158930146122622_8495677040869018576_o.jpg?_nc_cat=111&ccb=2&_nc_sid=09cbfe&_nc_ohc=ZfyvKHD3YhsAX-k72YW&_nc_ht=scontent-mxp1-1.xx&oh=d32f684bcbc3e49b42f298b391ba118d&oe=6025380F;;pavia@arcigay.it, info@coming-aut.it;http://www.coming-aut.it/;https://www.arcigay.it/pavia/;http://www.facebook.com/Arcigay-Pavia-Coming-Aut-292389862621/;;http://instagram.com/arcigaypavia;;
Pesaro Urbino;Arcigay Agor√†, Comitato territoriale Arcigay;Comitato territoriale Arcigay nelle Marche nato nel 1998 che si occupa di organizzare eventi, manifestazioni e gruppi e di promuovere diritti LGBT+ nella provincia di Pesaro-Urbino. Seguici anche su Instagram sulla nostra pagina ufficiale!;"Il Comitato territoriale Arcigay di Pesaro-Urbino √® nato nel 1998 come associazione di promozione sociale, col nome ‚ÄúArcigay Agor√†‚Äù. Il nostro simbolo rappresenta l‚ÄôIdolino di Pesaro. Con la nostra associazione cerchiamo di:
- promuovere i diritti LGBT;
- fornire informazioni sulla vita gay e lesbica della nostra regione e altrove;
- fornire indicazioni sulla tutela della salute, sulle malattie a trasmissione sessuale e sulle pratiche del sesso sicuro;
- dare aiuto chi vorrebbe conoscere di pi√π il mondo gay o si sta interrogando sulla propria sessualit√† e sui propri desideri fornendo un punto di ascolto e di confronto;
- organizzare momenti di riflessione e di divertimento, feste, conferenze, rassegne cinematografiche, gite per divertirci e crescere insieme;
- essere partecipi alla vita del movimento omosessuale in Italia, organizzando iniziative in provincia di Pesaro-Urbino e nelle Marche, in comune accordo con le altre realt√† omosessuali italiane, sulle principali richieste del movimento omosessuale: dal riconoscimento giuridico delle coppie gay all‚Äôimpegno attivo delle istituzioni contro la discriminazione nelle scuole, sui luoghi di lavoro e in tutti i contesti sociali; dalla prevenzione dell‚ÄôAIDS e delle altre malattie a trasmissione sessuale alla promozione della visibilit√† di gay e lesbiche e di una immagine positiva e corretta dell‚Äôomosessualit√†.
Per fare tutte queste cose, e altre ancora, ci siamo dati un‚Äôorganizzazione a cui chiunque (anche tu!) pu√≤ prendere parte: partecipando alle nostre iniziative, iscrivendoti all‚Äôassociazione, aiutandoci a tenere in piedi le molte cose che stiamo facendo, dedicando un po‚Äô del tuo tempo libero, portando qui i tuoi amici e, se lo vorrai, partecipando all‚Äôorganizzazione e gestione dell‚Äôassociazione.
";Via del Miralfiore, 4, Pesaro, PU, Italia;https://www.arcigay.it/wp-content/uploads/2016/08/pesarourbino.jpg, https://scontent-mxp1-1.xx.fbcdn.net/v/t1.0-9/23517942_2008927575985538_4986491825068494148_n.jpg?_nc_cat=106&ccb=2&_nc_sid=09cbfe&_nc_ohc=-AzT3oEBnFwAX_wIcaK&_nc_ht=scontent-mxp1-1.xx&oh=8e1c9a360529a95b0d91a8f219b2c897&oe=60286941;389 9725980;pesaro@arcigay.it;http://www.arcigayagora.it/;https://www.arcigay.it/pesaro-urbino/;http://www.facebook.com/arcigayagora/;;;;
Pescara;Maz√¨, Comitato Territoriale Arcigay;"Maz√¨ (ŒúŒ¨Œ∂Œπ) ‚ÄúInsieme‚Äù in greco
Arcigay Pescara üè≥Ô∏è‚Äçüåà Lotta per il raggiungimento della parit√† dei Diritti, promuove l‚Äôautodeterminazione, si batte per il superamento degli stereotipi e dei pregiudizi nei confronti delle persone LGBT+
";MAZ√å ~ Arcigay Pescara üè≥Ô∏è‚Äçüåà Associazione LGBT+ C.F. 91147190689 c/o Via Francesco Tedesco, 8, 65126 Pescara PE E-mail: mazi.pescara@arcigay.it;Via Francesco Tedesco, 8, 65126 Pescara PE, Italia;https://www.arcigay.it/wp-content/uploads/2018/07/LOGO-MAZ%C3%AC.jpeg;;mazi.pescara@arcigay.it;http://mazipescara.wordpress.com/;https://www.arcigay.it/mazi-pescara/;https://www.facebook.com/MaziArcigayPescara/;;http://instagram.com/mazi.pescara;;
Piacenza;Arcigay Piacenza Lambda, Comitato territoriale Arcigay;Arcigay Piacenza Lambda organizza dal 2004 attivit√† di accoglienza, promozione socio-culturale, aggregazione, salute, informazione e soprattutto militanza per i diritti sul territorio!;Entra in azione! Lambda √® il comitato territoriale di Arcigay, l‚Äôassociazione nazionale pi√π estesa sul territorio italiano che tratta tematiche LGBTI (Lesbian, Gay, Bisex, Transgender, Intersex). Vieni ai nostri incontri, conosci altre persone, diventa socio o chiedi un aiuto. Ti aspettiamo!!!;Piazza del Borgo, 35, Piacenza, Province of Piacenza, Italy;https://www.arcigay.it/wp-content/uploads/2016/05/lambda-piccola.jpeg;;piacenza@arcigay.it;http://piacenzagay.blogspot.com/;https://www.arcigay.it/piacenza/;http://www.facebook.com/arcigaypiacenza;https://www.twitter.com/ArcigayPC;;https://www.youtube.com/channel/UCQ3l0vVPWNlXOe13cq_vaQw;
Pisa;Pinkriot Arcigay Pisa, Comitato territoriale Arcigay;"Pinkriot Arcigay Pisa √® il comitato territoriale Arcigay per le province di Pisa, Lucca e Massa Carrara.
Contatti: pisa@arcigay.it
";"In questo momento, nell'associazione sono presenti circa una dozzina di volontar* che si occupano di organizzare e gestire le attivit√† ed i progetti che portiamo avanti.
Consulta il nostro sito per saperne di pi√π!
";Via Enrico Fermi, 7, Pisa, PI, Italia;https://scontent-mxp1-1.xx.fbcdn.net/v/t1.0-9/1234148_787382527991797_3567949475404970060_n.jpg?_nc_cat=110&ccb=2&_nc_sid=09cbfe&_nc_ohc=v5MLd4xsxzYAX-C5GW_&_nc_ht=scontent-mxp1-1.xx&oh=21832233099a0b69c4628c3fd8a22107&oe=6027E59E;;pisa@arcigay.it;http://www.pinkriot.arcigaypisa.it/;https://www.arcigay.it/pisa/;http://www.facebook.com/arcigay.pisa;https://www.twitter.com/PinkriotPisa;http://instagram.com/pinkriot_arcigay_pisa;;
Pistoia;"Arcigay Pistoia ""La Fenice, Comitato territoriale Arcigay";Associazione di Volontariato, senza scopo di lucro, organizzata come comunit√† Gay articolata in gruppi di lavoro finalizzati all'aiuto e alla solidariet√†;"Associazione di Volontariato, senza scopo di lucro organizzata come comunit√† Gay articolata in gruppi di lavoro finalizzati all'aiuto e alla solidariet√† della collettivit√†.
Nata il 22 Febbraio 2014 da un gruppo di Giovani attivi nel sociale.
";Via G. Da Verrazzano 1, 51100 Pistoia, Toscana;https://www.arcigay.it/wp-content/uploads/arcigaypistoia.jpg;392 712 8188;pistoia@arcigay.it;http://www.arcigaypistoia.it/;https://www.arcigay.it/pistoia/;http://www.facebook.com/lafenice.arcigay/;https://www.twitter.com/ArcigayPistoia;;;
Potenza;"Arcigay Basilicata ""Marco Bisceglia, Comitato territoriale Arcigay";Finalmente anche in Lucania e' nata l' ARCIGAY ,una piattaforma associativa volta all'affermazione dell'uguaglianza ed alla lotta alla discriminazione;;Via Sabbioneta, 19, Potenza, PZ, Italia;https://scontent-mxp1-1.xx.fbcdn.net/v/t1.0-9/11407136_663363033795285_9007186510384144048_n.jpg?_nc_cat=111&ccb=2&_nc_sid=09cbfe&_nc_ohc=WpV6mRdtnskAX8bU_h5&_nc_ht=scontent-mxp1-1.xx&oh=d1add15239503968904d2f73ab85f9dc&oe=60256BA7;329 129 3310;arcigay.basilicata2014@gmail.com;http://arcigaybasilicata.blogspot.it/;https://www.arcigay.it/potenza/;http://www.facebook.com/arcigay.basilicata/;;;;
Ragusa;Arcigay Ragusa, Comitato territoriale Arcigay;;;;https://scontent-mxp1-1.xx.fbcdn.net/v/t1.0-9/65558651_2272293492824474_3106739085750829056_o.jpg?_nc_cat=110&ccb=2&_nc_sid=09cbfe&_nc_ohc=2egtH9RPbXQAX-i7DSD&_nc_ht=scontent-mxp1-1.xx&oh=5d87207fbc4a8731e3207d5739a0fc5f&oe=602720A1;;ragusa@arcigay.it;;https://www.arcigay.it/ragusa/;https://www.facebook.com/arcigayrg/;https://www.twitter.com/ragusa_arcigay;;;
Ravenna;Arcigay Ravenna Elio Venturi, Comitato territoriale Arcigay;Arcigay Ravenna √® un‚Äôassociazione che promuove in varie forme la parit√† di diritti e dignit√† di tutte le persone LGBTI+ del territorio.;"Arcigay Ravenna √® un‚Äôassociazione di promozione sociale senza fini di lucro, della provincia di Ravenna ed √® Antenna della Rete Contro le Discriminazioni della Regione Emilia Romagna. 
Arcigay Ravenna nasce nel 2010 con lo scopo di costruire una societ√† laica e democratica in cui le libert√† individuali ed i diritti umani e civili possano essere riconosciuti, promossi e garantiti senza alcuna discriminazione basata sull‚Äôorientamento sessuale, l‚Äôidentit√† di genere o ogni altra condizione personale e sociale dell‚Äôindividuo, e si fonda sulla convinzione che ogni persona abbia un mondo da regalare e da vivere in una societ√† che della diversit√† dovrebbe fare la sua bellezza. 
Si pone come obiettivo principe l‚Äôabbattimento di tutti i pregiudizi e gli stereotipi che spingono le persone ad osservare e giudicare l‚Äôindividuo non per ci√≤ che dice e che fa, ma in base al suo orientamento sessuale o alla sua identit√† di genere.
Arcigay Ravenna agisce sulla base di valori quali il rispetto dei diritti umani e civili, la laicit√† e la democraticit√†, l‚Äôinclusione sociale di ogni persona e il rifiuto di ogni discriminazione, la serenit√† dei rapporti tra individuo e ambiente sociale e naturale, la libert√†, l‚Äôuguaglianza, la solidariet√† e la non violenza. 
In virt√π di tutto ci√≤ di Arcigay Ravenna fanno parte non solo coloro che appartengono al mondo comunemente designato come LGBTQ (lesbian, gay, bisexual, transgender e queer) ma anche tutti gli amici (friends) che ne condividono i valori fondanti.
Arcigay Ravenna si impegna nello specifico a creare le condizioni per l‚Äôaffermazione della piena realizzazione e visibilit√† di ogni persona gay, lesbica, bisessuale, transgender o affetta da HIV, combattendo il pregiudizio, la discriminazione e la violenza in ogni forma, nonch√© fornendo servizi di supporto socio-psicologico, di promozione alla salute, di produzione e programmazione culturale. 
Arcigay Ravenna reputa inoltre di fondamentale importanza la costruzione di un dialogo e di una rete di alleanze con altre associazioni e forze sociali, sindacati e le stesse istituzioni politiche, nella convinzione che i propri obiettivi siano realizzabili solo attraverso la collaborazione e l‚Äôimpegno di tutti gli attori sociali.
Presidente: Ciro Di Maio. 
Sportello contro le Discriminazioni e SEDE di Arcigay Ravenna
c/o Cittattiva
Via Carducci 14, Ravenna
Contatti:
ravenna@arcigay.it
https://arcigayravenna.it/
";Via Giosu√® Carducci, 16, 48121 Ravenna RA, Italia;https://scontent-mxp1-1.xx.fbcdn.net/v/t1.0-9/65558651_2272293492824474_3106739085750829056_o.jpg?_nc_cat=110&ccb=2&_nc_sid=09cbfe&_nc_ohc=2egtH9RPbXQAX-i7DSD&_nc_ht=scontent-mxp1-1.xx&oh=5d87207fbc4a8731e3207d5739a0fc5f&oe=602720A1;;ravenna@arcigay.it;;https://www.arcigay.it/ravenna/;https://www.facebook.com/ArcigayRavenna/, https://www.facebook.com/GruppoGiovaniLgbtFaenza/;;;;
Reggio Calabria;"Arcigay IDM ""I Due Mari, Reggio Calabria, Comitato territoriale Arcigay";"Pagina Ufficiale del comitato ARCIGAY IDM (I Due Mari) ¬©
di Reggio Calabria.
";;Via Emilio Cuzzocrea, 11, Reggio Calabria, RC, Italia;https://www.arcigay.it/wp-content/uploads/2016/08/reggiocalabria-653x630-1.jpg;;reggiocalabria@arcigay.it;;https://www.arcigay.it/reggiocalabria/;https://www.facebook.com/arcigayidm/, https://www.facebook.com/RetegiovaniRC/;;http://instagram.com/arcigayidm;;
Reggio Emilia;Arcigay Reggio Emilia ‚ÄúGioconda, Comitato territoriale Arcigay;Arcigay Gioconda comitato di Reggio Emilia, associazione aperta a tutti e tutte dai 16 anni in su. Per maggiori info scrivici in privato e visita il sito!;;Viale Bernardino Ramazzini, 72, Reggio Emilia, RE, Italia;https://scontent-mxp1-1.xx.fbcdn.net/v/t1.0-9/123143906_4777455955659214_8856952451988444546_n.png?_nc_cat=100&ccb=2&_nc_sid=09cbfe&_nc_ohc=0lW9NWTzWpkAX_FeotS&_nc_ht=scontent-mxp1-1.xx&oh=82f8807ea73a1ba25e6c5af814301efc&oe=6025C1F9;347 307 2286;reggioemilia@arcigay.it, info@arcigayreggioemilia.it;https://arcigayreggioemilia.it/;https://www.arcigay.it/reggio-emilia/;https://www.facebook.com/arcigayreggioemilia;;https://www.instagram.com/arcigaygioconda/;;
Rieti;Rieti LGBT+, Associazione Aderente Arcigay;Il gruppo di riferimento per le persone LGBT della provincia di Rieti e provincia;"Il gruppo di riferimento per le persone LGBT della provincia di Rieti e provincia
Aperto il sabato dalle 17:00 alle 19:00";Piazza Cavour, 9, 02100 Rieti, Rieti RI, Italia;https://scontent-mxp1-1.xx.fbcdn.net/v/t1.0-9/78553160_109525450548584_2054120172905562112_n.jpg?_nc_cat=102&ccb=2&_nc_sid=09cbfe&_nc_ohc=q5WpKF0EB4YAX9TDdKA&_nc_ht=scontent-mxp1-1.xx&oh=8f37b33ee3e36199a3150a4413486b39&oe=6027B678;;rieti@arcigay.it;;https://www.arcigay.it/rieti/;https://www.facebook.com/arcigayrieti;;;;
Rimini;"Arcigay Rimini ""Alan Turing, Comitato territoriale Arcigay";Arcigay Rimini;"Pagina del comitato Arcigay ""Alan Turing"" delle provincie di Rimini e Forl√¨-Cesena.
Fondato nel 1994, da oltre vent'anni combatte a viso aperto contro le discriminazioni e per cambiare la misera cultura che ancora impedisce a molte lesbiche gay e transessuali di vivere serenamente, apertamente e in sicurezza la propria vita.
";Via Ludovico de Varthema, 26, 47922 Rimini RN, Italia;https://scontent-mxp1-1.xx.fbcdn.net/v/t31.0-8/14567599_1075884815864297_5280653001621160561_o.png?_nc_cat=103&ccb=2&_nc_sid=09cbfe&_nc_ohc=W63xQ_qn0vYAX9HF9pG&_nc_ht=scontent-mxp1-1.xx&oh=98f24add10e1cf48d322bc5fd8391614&oe=6026A988;;rimini@arcigay.it;http://www.arcigay.rimini.it/;https://www.arcigay.it/rimini/;http://www.facebook.com/Arcigayalanturing/;https://www.twitter.com/ArcigayRimini;;;
Roma;Arcigay Roma Gruppo Ora, Comitato territoriale Arcigay;"Arcigay Roma- Gruppo ORA Via Nicola Zabaglia 14 - Roma 06.64501102 
www.arcigayroma.it
info@arcigayroma.it
";;Via Nicola Zabaglia, 14, Roma, 00153 RM, Italia;https://www.arcigay.it/wp-content/uploads/arcigayroma.jpg;06.64501102;roma@arcigay.it, info@arcigayroma.it;http://www.arcigayroma.it/;https://www.arcigay.it/roma/;http://www.facebook.com/ArcigayRM;;;;
Roma;Divine Ostia, Associazione Aderente Arcigay;;;Via Cardinal Ginnasi, 43, Ostia, RM, Italia;;345 7823320;divine2017@libero.it;;https://www.arcigay.it/ostia/;;;;;
Rovigo;Arcigay Rovigo ‚ÄúPolitropia, Comitato territoriale Arcigay;"La pagina ufficiale su Facebook di Politropia Arcigay Rovigo!
Vieni a trovarci! 
Siamo aperti tutti i venerd√¨ sera per le nostre attivit√†, guarda gli appuntamenti sul sito.
Se vuoi sostenerci vai a http://www.politropia.org/p/sostienici.html";"Curiosit√†! Che cosa significa Politropia?
""Politropia"" deriva dal greco ""polus"" e ""tropo"", letteralmente significa essere in grado di volgersi in molti modi. Rappresenta dunque l'essere versatili e il sapersi adattare a molte situazioni... 
E' quello che siamo chiamati a fare ogni giorno nel relazionarci con le persone. Il pi√π famoso ""polutropos"" era addirittura un personaggio omerico: fu Ulisse, che si trov√≤ ad affrontare molte situazioni le quali richiesero il suo ""multiforme ingegno"",riuscendo a superare tutti gli ostacoli e a rimanere sempre se stesso.
...rimanere sempre fedeli a noi stessi in tutte le prove che la vita ci porr√† davanti! ";Corso del Popolo, 183, 45100 Rovigo, RO, Italia;https://www.arcigay.it/wp-content/uploads/2016/08/Politropo-tondo.png;3930374909;rovigo@arcigay.it, info@politropia.org;http://www.politropia.org/;https://www.arcigay.it/rovigo/;http://www.facebook.com/politropia/;https://www.twitter.com/politropia;;;
Salerno;"Arcigay ""Marcella di Folco"" Salerno, Comitato territoriale Arcigay";Valori e principi Arcigay crede in una societ√† laica e democratica in cui le libert√† individuali e i diritti umani e civili siano riconosciuti, promossi e garantiti senza discriminazioni fondate sull‚Äôorientamento sessuale, l‚Äôidentit√† di genere e ogni altra condizione personale e sociale e in cui la personalit√† di ogni individuo possa realizzarsi in un contesto di pace e di sereno rapporto con l‚Äôambiente sociale e naturale. L‚Äôassociazione √® indipendente da qualsiasi governo, ideologia politica, interesse economico o religioso ed √® finanziata principalmente dai soci o da donazioni private o pubbliche.;;Piazza Vittorio Veneto, 2, Salerno, SA, Italia;https://www.arcigay.it/wp-content/uploads/arcigaysalerno.jpg;;info@arcigaysalerno.it;http://www.arcigaysalerno.it/;https://www.arcigay.it/salerno/;http://www.facebook.com/Arcigay.Salerno/;;;;
Savona;Arcigay Savona ‚ÄúAPERTAMENTE, Comitato territoriale Arcigay;;;;;3402855344;apertamentesavona@gmail.com;;https://www.arcigay.it/savona/;;;;;
Siena;Movimento Pansessuale Arcigay Siena, Comitato territoriale Arcigay;"Il Movimento √® una ""casa"" dove essere te stess*, puoi costruire con noi momenti di discussione, di incontro e di formazione sulle tematiche LGBTQIA+*
";"Il ""Movimento Pansessuale"" √® un'associazione di promozione sociale nata a Siena ad aprile 2009 dall'iniziativa spontanea di un gruppo di ragazzi e ragazze, con l'intento di creare un movimento che accolga tutti, indipendentemente dal proprio orientamento sessuale e dalla propria identit√† di genere.
Da febbraio 2011 √® diventata un Comitato Arcigay. 
Molte le iniziative realizzate, in corso e in programma: un aperitivo settimanale, cineforum a tema lgbtqi*, feste queer un venerd√¨ al mese, presentazioni di libri, consultorio, un circolo letterario lgbtqi*, seminari e dibattiti, escursioni naturalistiche, rassegne letterarie e molto altro.
La nostra sede √® presso ""Metrocubo"" in Via Roma n¬∞77 (dentro al cancello dalla parte opposta della strada rispetto all'ex-ospedale psichiatrico San Niccol√≤), teatro di molte iniziative e aperta OGNI LUNEDI' dalle 18 alle 20 per servizio di accoglienza.";Via di Citt√†, 101, Siena, SI, Italia;https://scontent-mxp1-1.xx.fbcdn.net/v/t1.0-9/42270090_10156638288974932_5645953884636577792_n.jpg?_nc_cat=105&ccb=2&_nc_sid=09cbfe&_nc_ohc=YL4rmfrbmdMAX_sn1n1&_nc_ht=scontent-mxp1-1.xx&oh=4cdf3a6f4a2d177f1e3fd3561591da2a&oe=6026C91A;345 045 8870;siena@arcigay.it, info@movimentopansessuale.it;http://www.movimentopansessuale.it/;https://www.arcigay.it/siena/;https://www.facebook.com/m.pansessuale/;;http://instagram.com/arcigaysienaofficial;;
Siracusa;Arcigay Siracusa, Comitato territoriale Arcigay;"ARCIGAY SIRACUSA . 
PRESIDENZA : 
LUCIA SCALA (PRESIDENTE) , 
ALESSANDRO DAINOTTI
(VICEPRESIDENTE)
";"E' possibile chiedere assistenza psicologica gratuita scrivendo a info@psicologiazaccagnini.it mettendo nell'oggetto ""chiedilo a noi""";Via Brenta, 65, 96100 Siracusa, SR, Italia;https://scontent-mxp1-1.xx.fbcdn.net/v/t1.0-9/82120264_2738468132902612_8688764770188263424_o.jpg?_nc_cat=110&ccb=2&_nc_sid=09cbfe&_nc_ohc=n0aa5lTm__kAX92lhWM&_nc_ht=scontent-mxp1-1.xx&oh=3e644b36dae0f992f161fc7abb92845d&oe=60270D33;;siracusa@arcigay.it, presidenza.arcigaysiracusa@yahoo.com;http://arcigaysiracusa.altervista.org/;https://www.arcigay.it/siracusa/;http://www.facebook.com/arcigay.siracusa/;;;;
Strambopoli;Strambopoli, Associazione Aderente Arcigay;;;;https://scontent-mxp1-1.xx.fbcdn.net/v/t1.0-9/82120264_2738468132902612_8688764770188263424_o.jpg?_nc_cat=110&ccb=2&_nc_sid=09cbfe&_nc_ohc=n0aa5lTm__kAX92lhWM&_nc_ht=scontent-mxp1-1.xx&oh=3e644b36dae0f992f161fc7abb92845d&oe=60270D33;;strambopoli.taranto@arcigay.it;;https://www.arcigay.it/strambopoli/;;;;;
Taranto;Arcigay Taranto, Associazione Aderente Arcigay;;;;https://scontent-mxp1-1.xx.fbcdn.net/v/t1.0-9/82120264_2738468132902612_8688764770188263424_o.jpg?_nc_cat=110&ccb=2&_nc_sid=09cbfe&_nc_ohc=n0aa5lTm__kAX92lhWM&_nc_ht=scontent-mxp1-1.xx&oh=3e644b36dae0f992f161fc7abb92845d&oe=60270D33;;taranto@arcigay.it;;https://www.arcigay.it/taranto/;;;;;
Teramo;Arcigay Teramo, Associazione Aderente Arcigay;Com. prov. Arcigay della Prov. di Teramo per la promozione e difesa dei diritti umani e civili,delle pari dignit√† e opportunit√†,contro le discriminazioni.;"Il Comitato Provinciale Arcigay nasce nel 2010 dalla volont√† di ragazzi e ragazze della provincia di Teramo nel sensibilizzare la cittadinanza sui temi che ruotano attorno al mondo LGBT (lesbiche, gay, bisessuali e trasgender), come l‚Äôomofobia e le unioni civili, costituendosi ufficialmente Suddivisione Territoriale di Arcigay per la provincia di Teramo nel 2012. 
Oggi Arcigay Teramo vanta un solido gruppo di volontari e soci impegnato nella sensibilizzazione sociale delle tematiche LGBT con attivit√† di vario genere: dalle manifestazioni cittadine alle conferenze con figure di spicco delle realt√† attiviste e politiche per la tutela dei diritti delle persone LGBT, senza perdere di vista l'aspetto ricreativo creando opportunit√† di socializzazione, diventando cos√¨ centro di attrazione sociale e culturale sopratutto per i giovani.
Offriamo supporto psicologico attraverso uno sportello d'ascolto per tutte quelle persone che trovano difficolt√† a confrontare la realt√† LGBT con quella territoriale, che siano ragazzi, adulti, figli o genitori. 
Offriamo assistenza legale per vittimi di discriminazione LGBT.
Con tutto l'impegno e la volont√†, creiamo con Arcigay Teramo opportunit√† di confronto e crescita, un movimento di idee, terreno fertile dove far germogliare un domani migliore in cui le persone abbiano la stessa dignit√† e siano giudicate per le proprie azioni e non per quello che sono.
";Via Nazionale Adriatica, 79/b, Cologna Spiaggia, TE, Italia;https://scontent-mxp1-1.xx.fbcdn.net/v/t31.0-8/13116420_1070419276363571_9180497391887419254_o.png?_nc_cat=106&ccb=2&_nc_sid=09cbfe&_nc_ohc=AjcTvy_tz34AX_m8fs-&_nc_oc=AQl0d3dxLS_XJGeHEBs8AsvEHkHWJ67stzQ8OCSPv1DBHtkItEgyWzACxIzeIMYJYXU&_nc_ht=scontent-mxp1-1.xx&oh=f4052235c0a89d0df0dbfdde93fef9c9&oe=60290BD1;;teramo@arcigay.it;http://arcigayteramo.wordpress.com/;https://www.arcigay.it/teramo/;http://www.facebook.com/arcigay.teramo;;;;https://docs.google.com/forms/d/1rBmw473JAiKD_0IMUGn8eUApivS8ouCkrLIke9YKHdQ/edit
Torino;"Arcigay Torino ""Ottavio Mai, Comitato territoriale Arcigay";"Benvenut* nella fan page ufficiale di ArcigayTorino ""Ottavio Mai""";"A Torino, Arcigay √® presente con il Comitato Territoriale ‚ÄúOttavio Mai‚Äù, nato nell‚Äôambito dell‚Äôesperienza del Comitato organizzatore del Torino Pride 2006 per volont√† di un gruppo di volontarie e volontari. Aderisce al Coordinamento Torino Pride LGBT, che riunisce le associazioni gay, lesbiche, bisessuali e transessuali torinesi. In questa rete Arcigay partecipa all‚Äôorganizzazione dei Pride di Torino, delle celebrazioni del 17 maggio ‚Äì Giornata Mondiale contro l‚ÄôOmofobia e delle altre occasioni di mobilitazione unitaria a livello locale e nazionale. Deve il suo nome ad Ottavio Mai, cofondatore del ""Da Sodoma ad Hollywood"" Torino GLBT Film Festival, di cui l'associazione √® stata partner per iniziative e collaborazioni.";Via Bernardino Lanino, 3/a, Torino, TO, Italia;https://scontent-mxp1-1.xx.fbcdn.net/v/t31.0-8/18422296_1341857985849265_5883378324677031882_o.png?_nc_cat=102&ccb=2&_nc_sid=09cbfe&_nc_ohc=TtOv6v6rytsAX-voA-z&_nc_ht=scontent-mxp1-1.xx&oh=ceeb4c6008964ee885a98286c0046ce5&oe=60289D55;011 765 0051;arcigay.torino@gmail.com;http://www.arcigaytorino.it/;https://www.arcigay.it/torino/;http://www.facebook.com/arcigaytorino.ottaviomai/, https://www.facebook.com/young.sterland/;https://www.twitter.com/ArcigayTorino;;;
Trento;Arcigay del Trentino, Comitato territoriale Arcigay;"Comitato provinciale per il Trentino di Arcigay Nazionale
http://www.arcigaytrento.it
";Questa √® la pagina del comitato provinciale Arcigay 8 Luglio, affiliato ad Arcigay Nazionale e che ha l'obiettivo di promuovere la visibilit√†, il benessere, i ciritti delle persone gay, lesbiche, bisessuali, transessuali, transgender, queer e intersessuali e di lottare contro l'omofobia, la transfobia e la lesbofobia.;Via del Torrione, 6, Trento, TN, Italia;https://www.arcigay.it/wp-content/uploads/2016/05/5CC25EA9-A742-4365-868E-ACFEF1313404.jpeg;3342960871;trento@arcigay.it, info@arcigaytrento.it;https://www.arcigaydeltrentino.it/;https://www.arcigay.it/trento/;http://www.facebook.com/arcigaytrentino/, http://www.facebook.com/oltrelemuratrento/;;;;
Trieste;Arcigay Arcobaleno Trieste Gorizia, Comitato territoriale Arcigay;"A fianco delle persone LGBTI e per i diritti umani
""Non √® grave il clamore chiassoso dei violenti bens√¨ il silenzio spaventoso delle persone oneste"" - Martin Luther King 
Segui il canale Telegram per scoprire tutte le nostre attivit√†!
";"A fianco delle persone LGBTI e per i diritti umani
""Non √® grave il clamore chiassoso dei violenti bens√¨ il silenzio spaventoso delle persone oneste"" - Martin Luther King 
Segui il canale Telegram per scoprire tutte le nostre attivit√†!
Per incontrarci di persona, contattaci (via mail, telefono o Facebook) per prendere un appuntamento :)";Via Pondares, 8, Trieste, 34131 TS, Italia;https://scontent-mxp1-1.xx.fbcdn.net/v/t1.0-9/80229044_1692362647582304_1496640576237214615_n.png?_nc_cat=107&ccb=2&_nc_sid=09cbfe&_nc_ohc=fTmz8h0pXAsAX-p2aIE&_nc_ht=scontent-mxp1-1.xx&oh=56755337fdd641176ac90593c05d25d9&oe=60259DEF;347 133 4052;trieste@arcigay.it;http://www.arcigaytrieste.it/;https://www.arcigay.it/trieste/;http://www.facebook.com/arcigay.triestegorizia;;;;
Udine;"Arcigay Friuli ""Nuovi Passi, Comitato territoriale Arcigay";"""Nessuno pu√≤ farti sentire inferiore senza il tuo consenso.""
Udine e Pordenone per i diritti LGBT: Civilt√† Prodotto Tipico Friulano!
";;;https://www.arcigay.it/wp-content/uploads/arcigayfriuli.jpg;;udine@arcigay.it;http://www.arcigayfriuli.it/;https://www.arcigay.it/udine/;https://www.facebook.com/arcigay.friuli/;;;;
Varese;Arcigay Varese, Comitato territoriale Arcigay;Arcigay Comitato Territoriale delle province di Varese e Como per il benessere, la piena realizzazione e la piena visibilit√† di ogni persona LGBTI+;"Arcigay √® un‚Äôassociazione nazionale di promozione sociale senza fini di lucro, che opera per la costruzione di una societ√† laica e democratica in cui le libert√† individuali e i diritti umani e civili siano riconosciuti, promossi e garantiti senza discriminazioni fondate sull‚Äôorientamento sessuale, l‚Äôidentit√† di genere e ogni altra condizione personale e sociale e in cui la personalit√† di ogni individuo possa realizzarsi in un contesto di pace e di sereno rapporto con l‚Äôambiente sociale e naturale.
I valori su cui si fonda l‚Äôazione di Arcigay sono:
‚Ä¢ il rispetto e la promozione dei diritti umani e civili;
‚Ä¢ la laicit√† e la democraticit√† delle istituzioni;
‚Ä¢ l‚Äôinclusione sociale di ogni persona e il rifiuto di ogni discriminazione;
‚Ä¢ il sereno rapporto fra ogni individuo e l‚Äôambiente sociale e naturale;
‚Ä¢ la libert√†, l‚Äôuguaglianza, la solidariet√†, la non violenza, la pace, l‚Äôantifascismo, il rifiuto di ogni totalitarismo;
‚Ä¢ la democrazia interna, la partecipazione delle socie e dei soci alla vita dell‚ÄôAssociazione, la trasparenza dei processi decisionali.";Via Bernardino Luini, 15, Varese, VA, Italia;https://www.arcigay.it/wp-content/uploads/2016/07/1_AG_Orizzontale_Colori.png;0332 164 7552;varese@arcigay.it;http://www.arcigayvarese.it/;https://www.arcigay.it/varese/;https://www.facebook.com/arcigayvarese/;https://www.twitter.com/arcigayvarese;http://instagram.com/arcigayvarese;https://www.youtube.com/channel/UCZ8C6jojT01joNpMU0yqb7w;
Verbania;Arcigay Nuovi Colori ONLUS, Comitato territoriale Arcigay;Arcigay Nuovi colori √® un'associazione di volontariato senza scopo di lucro, comitato territoriale di Arcigay per le province del VCO e di Novara.;"Arcigay Nuovi Colori nasce nel 2005 come comitato territoriale di Arcigay.
La nostra sede √® a Verbania e il nostro territorio comprende le provincie del VCO e di Novara.
Contatti:
cellulare +39 329 3377638
mail info@arcigaynuovicolori.it
sito web www.arcigaynuovicolori.it
Consiglio Direttivo:
Stefano Salerno - Presidente
Michele Moramarco
Presidente onorario
Marco Coppola
Collegio dei Garanti
Secondo il nostro Statuto, l'associazione si impegna in modo specifico a:
- creare le condizioni per l‚Äôaffermazione della piena realizzazione e della piena visibilit√† di ogni persona gay, lesbica, bisessuale, intersessuale e transgender;
- combattere il pregiudizio, le discriminazioni e la violenza in ogni loro forma, anche attraverso la formazione e l‚Äôaggiornamento di volontari, operatori sociali, educatori ed insegnanti, lavoratori pubblici e privati;
- costruire sul territorio servizi e/o centri polivalenti di cultura LGBTI che forniscano servizi di ascolto e sostegno, supporto socio-psicologico, esistenziale, di promozione della salute, linee di telefono amico, produzione e programmazione culturale;
- promuovere la socializzazione delle persone gay, lesbiche, bisessuali, intersessuali e trans attraverso attivit√† e strutture aggregative e ricreative;
- promuovere una maggiore consapevolezza sui temi dei diritti civili, del superamento del pregiudizio e della lotta alle discriminazioni nell‚Äôopinione pubblica tramite l‚Äôintervento sui mass media e l‚Äôattivazione di propri strumenti e occasioni di informazione;
- lottare per l‚Äôabolizione di ogni forma di discriminazione normativa relativa all‚Äôorientamento sessuale e all‚Äôidentit√† ed espressione di genere e per il pieno riconoscimento legale dell‚Äôuguaglianza dei diritti delle coppie formate da partner dello stesso sesso e dei diritti dei loro figli e figlie;
- essere forza di pressione verso le istituzioni e le forze politiche affinch√© siano messe in atto buone pratiche antidiscriminatorie, supporti all‚Äôazione dell‚Äôassociazione;
- costruire un dialogo e realizzare alleanze con le altre associazioni, i sindacati, le forze sociali e i movimenti al fine di rafforzare la lotta contro le discriminazioni e i pregiudizi e contribuire ad un ampliamento della libert√† e dell‚Äôuguaglianza di tutti gli individui;
- sostenere le azioni e le rivendicazioni delle persone bisessuali, intersessuali e transgender, e del movimento delle donne;
- promuovere l‚Äôinserimento sociale e la valorizzazione delle persone con HIV, favorendone il lavoro e la presenza a tutti i livelli dell'Associazione;
- partecipare ad iniziative a livello europeo e internazionale per ampliare i diritti umani e civili con particolare riferimento a quelli delle persone gay, lesbiche, bisessuali, intersessuali e transgender;
- combattere le discriminazioni verso le persone affette da malattie sessualmente trasmissibili con particolare riferimento all‚ÄôHIV;
- promuovere una sessualit√† libera, consapevole e informata. Favorire l‚Äôeducazione sessuale e la conoscenza e la diffusione delle pratiche di sesso sicuro;
- organizzare e promuovere attivit√† sportive LGBT. ";Via Vittorio Veneto, 135, 28922 Pallanza VB, Italia;https://www.arcigay.it/wp-content/uploads/2016/09/verbania.jpg;329 3377638;info@arcigaynuovicolori.it;https://www.arcigaynuovicolori.it/;https://www.arcigay.it/verbania/;https://www.facebook.com/arcigaynuovicolori/;;;;
Vercelli;Arcigay Rainbow Vercelli, Valsesia, Comitato territoriale Arcigay;Comitato Arcigay della Provincia di Vercelli.;"Ciao a tutt*,
siamo il Comitato Territoriale Arcigay delle provincie di Vercelli e Biella.
Raccogliamo un gruppo di volontar* della Valsesia e del Vercellese, che comprende da sempre persone di ogni orientamento sessuale, allo scopo di dare voce, visibilit√† e sostegno alla popolazione lesbica, gay, bisessuale e transgender del nostro territorio.
Il nostro primo obiettivo √® quello di innalzare la soglia di sensibilit√† di tutta la popolazione verso i temi, cos√¨ trascurati, dell‚Äôorientamento sessuale e dell‚Äôidentit√† di genere, per migliorare la qualit√† della vita e fermare l‚Äôesodo costante delle persone LGBTQI dalla nostra provincia.
Tra le nostre priorit√† ci sono quindi sicuramente la promozione della salute, intesa come incolumit√† e benessere fisico, psicologico e sociale delle persone LGBTQI, l‚Äôabolizione delle normative discriminatorie, il riconoscimento dei pari diritti e pari dignit√† delle persone LBGTQI e delle coppie omosessuali e il contrasto all‚Äôomo\transfobia in tutte le sue forme.
Per questo attiviamo servizi di supporto alla persona, promuoviamo la visibilit√† delle persone omosessuali, bisessuali e transessuali nella societ√†, supportiamo le manifestazioni dell‚Äôorgoglio (Pride) e tutte le battaglie per i diritti delle persone LGBTQI.
Organizziamo anche iniziative di aggregazione e socializzazione come gli aperitivi gayfriendly del Rainbow Tour in tutti i principali centri della Valsesia e nella provincia di Vercelli, oltre a momenti pi√π conviviali.
Organizziamo incontri con le scuole della zona, in particolare gli Istituti Superiori, per discutere con docenti e studenti di pregiudizi e opinioni in tema di identit√† sessuale, di libert√† di orientamento sessuale e di identit√† di genere e per contrastare la piaga del bullismo omotransfobico.
Nell‚Äôinteresse di ci√≤ collaboriamo anche con tutte le altre associazioni LGBTQI per creare e rafforzare una rete stabile di relazioni tra i nostri territori e agiamo da sempre in dialogo e confronto con istituzioni, partiti e sindacati e di alleanza con altri movimenti di promozione civile e sociale e di contribuzione alla pi√π generale difesa delle libert√† civili, individuali e collettive.
Al momento non abbiamo ancora una sede pubblica in cui puoi trovarci, per√≤ puoi seguire le nostre attivit√† sul nostro blog - www.rainbowvalsesia.wordperss.com -per tenerti sempre aggiornato, oppure puoi richiedere ulteriori informazioni tramite gli indirizzi eMail della sezione contatti del blog.";;https://scontent-mxp1-1.xx.fbcdn.net/v/t1.0-9/42886024_2084786868218300_4071740094527045632_n.jpg?_nc_cat=111&ccb=2&_nc_sid=09cbfe&_nc_ohc=if5iaAyzxQEAX8rTclB&_nc_ht=scontent-mxp1-1.xx&oh=b603950543a6b8b65ca090d18307dc6c&oe=60284D1E;;vercelli@arcigay.it, arcigay.rainbow.vvb@gmail.com;http://www.rainbowvalsesia.wordpress.com/;https://www.arcigay.it/vercelli/;https://www.facebook.com/Arcigay-Rainbow-Valsesia-Vercelli-e-Biella-191113797585626/;;;;
Verona;Pianeta Milk, Verona Lgbt* Center, Arcigay/Arci, Comitato territoriale Arcigay;"Pagina ufficiale del Comitato Territoriale Arcigay Pianeta Urano Verona
";"Pagina ufficiale del Comitato Territoriale Arcigay Pianeta Urano Verona
";Via Scuderlando, 137, Verona, 37135 VR, Italia;https://scontent-mxp1-1.xx.fbcdn.net/v/t1.0-9/22687974_1608115819283290_7580210670706646995_n.jpg?_nc_cat=102&ccb=2&_nc_sid=09cbfe&_nc_ohc=ZvP_ARsB3Y0AX98dtp4&_nc_ht=scontent-mxp1-1.xx&oh=13f6a5e274d0af799fe7a9733a354bad&oe=602690C8;045 973003;verona@arcigay.it;http://www.arcigayverona.org/;https://www.arcigay.it/verona/;https://www.facebook.com/PianetaMilkVerona, https://www.arcigay.it/verona/www.facebook.com/giovanimilkverona/;https://www.twitter.com/pianetaurano;;;
Vicenza;"Arcigay Vicenza ""15 Giugno, Comitato territoriale Arcigay";"Pagina dell'associazione ""15 GIUGNO"" ARCIGAY VICENZA  vicenza@arcigay.it instagram: @arcigayvicenza
Marted√¨ apertura su appuntamento.
Sabato apertura per il Gruppo Giovani (ogni 2 settimane).";;Contr√† Barche, 55, 36100 Vicenza VI, Italia;https://scontent-mxp1-1.xx.fbcdn.net/v/t1.0-9/93004098_1836085316524268_5977139113478848512_n.png?_nc_cat=101&ccb=2&_nc_sid=09cbfe&_nc_ohc=Sj_9hrao1ZgAX8q8Vsi&_nc_ht=scontent-mxp1-1.xx&oh=ed8211e7925b04f57fca61fd1e4f7d8e&oe=6025CD1B;347 9650953;vicenza@arcigay.it;http://www.arcigayvicenza.com/;https://www.arcigay.it/vicenza/;http://www.facebook.com/arcigayvicenza, https://www.facebook.com/ArcigayVicenzaGiovani/;;;;